{
  "name": "Elephant Translator Dev",
  "features": {
    "ghcr.io/devcontainers/features/python:1": { "version": "3.11" }
  },
  "forwardPorts": [8000],
  "postCreateCommand": "sudo apt-get update && sudo apt-get install -y ffmpeg && python3 -m venv .venv && . .venv/bin/activate && pip install --upgrade pip setuptools wheel fastapi 'uvicorn[standard]'",
  "postStartCommand": ". .venv/bin/activate && nohup python -m uvicorn server.app:app --host 0.0.0.0 --port 8000 --reload >/tmp/uvicorn.log 2>&1 &"
}
